event	samp1_inclusion	samp1_exclusion	samp2_inclusion	sampe2_exclusion	pvalue	bh.adj.pval
ENSG00000171735.18;AL:chr1:6825210-6871756:6872020:6825210-6887653:6888201:+	23.0	6.0	42.0	10.0	1.0	1.0
ENSG00000173614.13;AL:chr1:9981170-9981255:9981858:9981170-9982300:9983374:+	4.0	16.0	6.0	35.0	0.7157882473383432	1.0
ENSG00000173614.13;AL:chr1:9981170-9982300:9983374:9981170-9985135:9985496:+	16.0	4.0	35.0	3.0	0.21931516759102973	1.0
ENSG00000070831.15;AL:chr1:22086866-22089942:22090807:22086866-22091427:22092950:+	7.0	269.0	9.0	400.0	0.8005173761052323	1.0
ENSG00000157978.11;AL:chr1:25565207-25566847:25568886:25565207-25590168:25590405:+	23.0	2.0	33.0	1.0	0.5685810083361555	1.0
ENSG00000117682.16;AL:chr1:26460144-26467292:26467527:26460144-26468894:26471306:+	2.0	57.0	4.0	54.0	0.4387313661072812	1.0
ENSG00000117682.16;AL:chr1:26460144-26467292:26467527:26460144-26468894:26471324:+	2.0	24.0	4.0	36.0	1.0	1.0
ENSG00000117682.16;AL:chr1:26460144-26467292:26467527:26460144-26468894:26471350:+	2.0	18.0	4.0	16.0	0.6614196614196634	1.0
ENSG00000009780.15;AL:chr1:27759627-27759957:27760185:27759627-27760494:27761805:+	3.0	33.0	4.0	44.0	1.0	1.0
ENSG00000009780.15;AL:chr1:27759627-27759957:27760185:27759627-27760494:27761616:+	3.0	24.0	4.0	44.0	0.6971938405702692	1.0
ENSG00000084072.16;AL:chr1:39753052-39753286:39753707:39753052-39763688:39763908:+	167.0	13.0	286.0	23.0	1.0	1.0
ENSG00000127125.8;AL:chr1:42457350-42459602:42460412:42457350-42473121:42473462:+	93.0	4.0	126.0	7.0	0.763993773923844	1.0
ENSG00000171960.10;AL:chr1:42667440-42675287:42676043:42667440-42676583:42676758:+	7.0	72.0	13.0	176.0	0.612759445652184	1.0
ENSG00000132780.16;AL:chr1:45616703-45617462:45617517:45616703-45618060:45618251:+	6.0	19.0	13.0	41.0	1.0	1.0
ENSG00000162607.12;AL:chr1:62447511-62448464:62448879:62447511-62450245:62451733:+	14.0	11.0	35.0	24.0	0.8122629906423966	1.0
ENSG00000125703.14;AL:chr1:62841547-62863991:62865156:62841547-62901293:62903183:+	26.0	1.0	48.0	3.0	1.0	1.0
ENSG00000162695.11;AL:chr1:100965918-100972276:100973066:100965918-100974809:100975488:+	5.0	15.0	23.0	26.0	0.11143140905273086	0.9999999999999998
ENSG00000168765.16;AL:chr1:109659110-109661164:109661705:109659110-109665010:109665497:+	42.0	15.0	81.0	20.0	0.4252630231171233	1.0
ENSG00000143569.18;AL:chr1:154268954-154270199:154270853:154268954-154270880:154271510:+	41.0	27.0	45.0	32.0	0.8664519456915294	1.0
ENSG00000158793.13;AL:chr1:161120232-161120498:161121069:161120232-161124140:161125436:+	23.0	5.0	28.0	4.0	0.7210895074998893	1.0
ENSG00000158793.13;AL:chr1:161120232-161120498:161121194:161120232-161124140:161125436:+	53.0	5.0	58.0	4.0	0.7374429601360668	1.0
ENSG00000198860.12;AL:chr1:184054863-184072826:184074202:184054863-184095689:184095846:+	22.0	40.0	34.0	71.0	0.735516222351972	1.0
ENSG00000198860.12;AL:chr1:184054863-184070615:184074202:184054863-184095689:184095846:+	4.0	40.0	5.0	71.0	0.7231039466974104	1.0
ENSG00000143771.11;AL:chr1:224371423-224375794:224375987:224371423-224379068:224379452:+	15.0	13.0	8.0	19.0	0.10224919394743007	0.9999999999999962
ENSG00000135778.11;AL:chr1:232970118-232976341:232977539:232970118-232978162:232978782:+	2.0	194.0	8.0	288.0	0.3284007882705064	1.0
ENSG00000203666.12;AL:chr1:245083688-245087244:245087842:245083688-245121919:245122989:+	9.0	12.0	26.0	3.0	0.0005498516270091308	0.17283491398194573
ENSG00000162585.16;AL:chr1:2184467:2185513-2193638:2189547:2189781-2193638:-	8.0	36.0	7.0	24.0	0.7710661583587247	1.0
ENSG00000188529.14;AL:chr1:23964803:23967956-23971572:23969079:23971439-23971572:-	8.0	48.0	17.0	74.0	0.6518609203539407	1.0
ENSG00000188529.14;AL:chr1:23964803:23967956-23971572:23971371:23971439-23971572:-	8.0	32.0	17.0	51.0	0.6406037181029721	1.0
ENSG00000188529.14;AL:chr1:23966444:23967723-23971572:23969079:23971439-23971572:-	33.0	48.0	57.0	74.0	0.7751583921991558	1.0
ENSG00000188529.14;AL:chr1:23966444:23967723-23971572:23970363:23971439-23971572:-	33.0	5.0	57.0	22.0	0.10162030379429951	0.9999999999999959
ENSG00000188529.14;AL:chr1:23966444:23967723-23971572:23971371:23971439-23971572:-	33.0	32.0	57.0	51.0	0.8754301235960246	1.0
ENSG00000188529.14;AL:chr1:23966444:23967956-23971572:23969079:23971439-23971572:-	30.0	48.0	36.0	74.0	0.4411542216129419	1.0
ENSG00000188529.14;AL:chr1:23966444:23967956-23971572:23970363:23971439-23971572:-	30.0	5.0	36.0	22.0	0.018442576376870207	0.9979679607037257
ENSG00000188529.14;AL:chr1:23966444:23967956-23971572:23971371:23971439-23971572:-	30.0	32.0	36.0	51.0	0.4084230696869316	1.0
ENSG00000188529.14;AL:chr1:23966449:23967723-23971572:23969079:23971439-23971572:-	2.0	48.0	5.0	74.0	0.7053607353890237	1.0
ENSG00000188529.14;AL:chr1:23966449:23967723-23971572:23971371:23971439-23971572:-	2.0	32.0	5.0	51.0	0.7058288206301861	1.0
ENSG00000092853.13;AL:chr1:35720455:35720980-35736913:35735286:35736606-35736913:-	37.0	5.0	113.0	18.0	1.0	1.0
ENSG00000177868.11;AL:chr1:42807051:42807500-42816430:42812095:42813904-42816430:-	105.0	3.0	138.0	4.0	1.0	1.0
ENSG00000081870.11;AL:chr1:53916548:53917116-53923903:53921560:53921767-53923903:-	18.0	13.0	32.0	30.0	0.6604364148321096	1.0
ENSG00000162613.16;AL:chr1:77946485:77946576-77949154:77948388:77948774-77949154:-	2.0	19.0	2.0	37.0	0.6064289888953817	1.0
ENSG00000162613.16;AL:chr1:77946485:77946576-77949154:77948404:77948774-77949154:-	2.0	97.0	2.0	171.0	0.6236329393688982	1.0
ENSG00000122417.15;AL:chr1:86348110:86348878-86352858:86350104:86352208-86352858:-	16.0	5.0	25.0	9.0	1.0	1.0
ENSG00000154511.11;AL:chr1:92831715:92833034-92847182:92842168:92844195-92847182:-	3.0	60.0	7.0	89.0	0.7409799558459185	1.0
ENSG00000143549.19;AL:chr1:154156357:154157721-154170399:154158613:154159048-154170399:-	38.0	5.0	71.0	12.0	0.7869520005645227	1.0
ENSG00000143549.19;AL:chr1:154156363:154157721-154170399:154158613:154159048-154170399:-	129.0	5.0	291.0	12.0	1.0	1.0
ENSG00000143549.19;AL:chr1:154156363:154157721-154169304:154167746:154167940-154169304:-	20.0	6.0	38.0	14.0	0.7890583065822583	1.0
ENSG00000162704.15;AL:chr1:183623265:183623471-183630460:183626196:183627594-183630460:-	4.0	223.0	3.0	454.0	0.22845074902517254	1.0
ENSG00000117650.12;AL:chr1:211657508:211658712-211667105:211662779:211663652-211667105:-	3.0	28.0	4.0	54.0	0.6907691017069405	1.0
ENSG00000071575.11;AL:chr2:12723552-12724628:12724825:12723552-12740325:12742734:+	5.0	68.0	15.0	89.0	0.14987949229270559	1.0
ENSG00000119820.10;AL:chr2:32301495-32305488:32306586:32301495-32307103:32307938:+	53.0	6.0	39.0	5.0	1.0	1.0
ENSG00000218739.9;AL:chr2:37201726-37201862:37202122:37201726-37204303:37204750:+	12.0	22.0	17.0	40.0	0.6453757796213639	1.0
ENSG00000218739.9;AL:chr2:37201726-37201862:37202122:37201726-37203249:37204729:+	12.0	26.0	17.0	21.0	0.34503041307404136	1.0
ENSG00000218739.9;AL:chr2:37201726-37201862:37203065:37201726-37204303:37204750:+	53.0	22.0	96.0	40.0	1.0	1.0
ENSG00000218739.9;AL:chr2:37201726-37201862:37203065:37201726-37204303:37204729:+	53.0	2.0	96.0	2.0	0.6188565166975422	1.0
ENSG00000218739.9;AL:chr2:37201726-37201862:37203065:37201726-37203249:37204729:+	53.0	26.0	96.0	21.0	0.017906293601890697	0.9976062547370561
ENSG00000218739.9;AL:chr2:37201726-37201862:37203065:37201726-37213436:37214149:+	53.0	0.0	96.0	3.0	0.5519292436388995	1.0
ENSG00000285542.1;AL:chr2:44218537-44230412:44231472:44218537-44232315:44234073:+	8.0	19.0	14.0	22.0	0.5943375249929632	1.0
ENSG00000169604.19;AL:chr2:69124643-69134994:69135422:69124643-69145325:69146411:+	3.0	25.0	6.0	14.0	0.13657118428676726	1.0
ENSG00000125611.15;AL:chr2:112586365-112588865:112589040:112586365-112614212:112614970:+	57.0	0.0	96.0	2.0	0.5319648093841615	1.0
ENSG00000018510.14;AL:chr2:177523805-177538073:177539437:177523805-177551362:177553286:+	73.0	1.0	204.0	0.0	0.26618705035972395	1.0
ENSG00000144580.13;AL:chr2:218592707-218593527:218593852:218592707-218594107:218596445:+	43.0	505.0	93.0	861.0	0.2260579515469025	1.0
ENSG00000135931.17;AL:chr2:231331897-231344974:231345202:231331897-231355797:231355907:+	68.0	10.0	250.0	18.0	0.09812096430305327	0.9999999999999888
ENSG00000135930.13;AL:chr2:232567214-232568944:232569210:232567214-232580903:232582853:+	41.0	0.0	60.0	6.0	0.08013046054013404	0.9999999999965526
ENSG00000135930.13;AL:chr2:232567214-232568944:232569210:232567214-232580903:232581421:+	41.0	0.0	60.0	1.0	1.0	1.0
ENSG00000124831.18;AL:chr2:237760205-237762602:237765265:237760205-237769942:237771320:+	12.0	9.0	30.0	2.0	0.0037580593515844874	0.7251260195441698
ENSG00000124831.18;AL:chr2:237760205-237762602:237765449:237760205-237769942:237771320:+	38.0	9.0	53.0	2.0	0.02144276135813403	0.9992343268582218
ENSG00000273398.6;AL:chr2:68130634:68131445-68134701:68131777:68132005-68134701:-	28.0	2.0	44.0	6.0	0.7032460689748543	1.0
ENSG00000119865.8;AL:chr2:68284113:68284484-68317156:68293009:68294026-68317156:-	10.0	124.0	22.0	187.0	0.44710465352276424	1.0
ENSG00000283196.2;AL:chr2:89542838:89543836-89581005:89562339:89562684-89581005:-	33.0	21.0	56.0	48.0	0.4029978238287587	1.0
ENSG00000158411.11;AL:chr2:99161426:99161668-99169549:99169265:99169470-99169549:-	6.0	48.0	14.0	95.0	1.0	1.0
ENSG00000158411.11;AL:chr2:99161451:99161668-99169549:99169265:99169470-99169549:-	3.0	48.0	7.0	95.0	1.0	1.0
ENSG00000115514.11;AL:chr2:99318981:99319799-99327534:99321549:99322209-99327534:-	13.0	15.0	7.0	18.0	0.25646646052358335	1.0
ENSG00000150551.10;AL:chr2:132644761:132646280-132668399:132661849:132663111-132668399:-	66.0	5.0	86.0	6.0	1.0	1.0
ENSG00000130414.11;AL:chr2:239960738:239961186-239990073:239969209:239969762-239990073:-	197.0	2.0	296.0	8.0	0.32850952118750604	1.0
ENSG00000130414.11;AL:chr2:239960738:239961186-239990073:239972636:239973661-239990073:-	197.0	4.0	296.0	7.0	1.0	1.0
ENSG00000205571.13;AL:chr5:70070751-70076520:70076728:70070751-70077018:70077585:+	1.0	34.0	5.0	89.0	1.0	1.0
ENSG00000153037.14;AL:chr5:112864528-112864620:112867906:112864528-112891602:112893850:+	20.0	7.0	22.0	19.0	0.12681113786841974	1.0
ENSG00000151304.5;AL:chr5:122022407-122026941:122028780:122022407-122075314:122076222:+	23.0	1.0	41.0	7.0	0.2547217389567346	1.0
ENSG00000119048.7;AL:chr5:134388413-134388976:134389398:134388413-134390224:134390783:+	1.0	19.0	2.0	41.0	1.0	1.0
ENSG00000081791.8;AL:chr5:141938760-141938855:141939253:141938760-141939505:141940151:+	7.0	14.0	18.0	26.0	0.5977350383897451	1.0
ENSG00000081791.8;AL:chr5:141938760-141938855:141939253:141938760-141939553:141942049:+	7.0	16.0	18.0	14.0	0.0987190995786891	0.9999999999999899
ENSG00000181163.13;AL:chr5:171405403-171406396:171406737:171405403-171410526:171410882:+	35.0	4.0	145.0	4.0	0.059236391339919425	0.9999999969292568
ENSG00000164466.12;AL:chr5:175521968-175522374:175524128:175521968-175526637:175528615:+	17.0	82.0	12.0	143.0	0.026165115929800073	0.9998407819292447
ENSG00000186468.12;AL:chr5:82275196:82275295-82276177:82276059:82276134-82276177:-	7.0	18.0	32.0	37.0	0.15529842780745576	1.0
ENSG00000213523.10;AL:chr5:140537179:140537661-140551060:140550504:140550911-140551060:-	2.0	43.0	8.0	55.0	0.1887538512520413	1.0
ENSG00000186314.11;AL:chr5:145703920:145704295-145764930:145759876:145760525-145764930:-	3.0	23.0	3.0	29.0	1.0	1.0
ENSG00000113282.13;AL:chr5:157786286:157787992-157791702:157789261:157789513-157791702:-	28.0	18.0	38.0	32.0	0.5665848926219963	1.0
ENSG00000113282.13;AL:chr5:157786286:157787992-157791702:157789394:157789513-157791702:-	28.0	1.0	38.0	6.0	0.23189449036091236	1.0
ENSG00000051596.9;AL:chr5:175917846:175918172-175961050:175959530:175960132-175961050:-	4.0	88.0	5.0	224.0	0.283560297862593	1.0
ENSG00000141127.14;AL:chr17:18928957-18929566:18929827:18928957-18930539:18931268:+	0.0	66.0	1.0	78.0	1.0	1.0
ENSG00000108671.10;AL:chr17:32480631-32480752:32480992:32480631-32481310:32482352:+	3.0	111.0	3.0	246.0	0.3831788161750051	1.0
ENSG00000108671.10;AL:chr17:32480631-32480752:32480974:32480631-32481310:32482352:+	0.0	111.0	5.0	246.0	0.32879348231158145	1.0
ENSG00000273611.4;AL:chr17:36494006-36495222:36495822:36494006-36497605:36499291:+	43.0	4.0	73.0	12.0	0.4145247293883825	1.0
ENSG00000262633.2;AL:chr17:46932199-46935028:46936813:46932199-46938598:46942021:+	5.0	68.0	20.0	88.0	0.02860841698101041	0.9999266597773824
ENSG00000262633.2;AL:chr17:46932199-46935028:46937363:46932199-46938598:46942021:+	7.0	68.0	7.0	88.0	0.7803459195366742	1.0
ENSG00000171634.17;AL:chr17:67975958-67981435:67981763:67975958-67982251:67983157:+	0.0	23.0	0.0	23.0	1.0	1.0
ENSG00000108946.14;AL:chr17:68530001-68530276:68532765:68530001-68551083:68551316:+	66.0	7.0	82.0	13.0	0.477895428541151	1.0
ENSG00000141219.15;AL:chr17:73243003-73245167:73245343:73243003-73247240:73248880:+	4.0	31.0	6.0	39.0	1.0	1.0
ENSG00000125449.6;AL:chr17:75110606-75114168:75114819:75110606-75128676:75130748:+	10.0	16.0	8.0	29.0	0.16709878264891317	1.0
ENSG00000183077.15;AL:chr17:78191060-78197145:78197560:78191060-78206910:78207702:+	4.0	72.0	4.0	125.0	0.4721506458862521	1.0
ENSG00000175866.15;AL:chr17:81108509-81108967:81109381:81108509-81115769:81116225:+	4.0	16.0	5.0	23.0	1.0	1.0
ENSG00000175866.15;AL:chr17:81108509-81108967:81110513:81108509-81115769:81116225:+	5.0	16.0	6.0	23.0	1.0	1.0
ENSG00000125691.12;AL:chr17:38847859:38848057-38850361:38850067:38850214-38850361:-	19.0	115.0	30.0	238.0	0.42009332902732577	1.0
ENSG00000125691.12;AL:chr17:38847859:38848057-38850361:38850080:38850214-38850361:-	19.0	38.0	30.0	81.0	0.47368430818372415	1.0
ENSG00000072849.10;AL:chr17:5471253:5474789-5480053:5477209:5477999-5480053:-	45.0	8.0	51.0	2.0	0.0926571345096525	0.9999999999999332
ENSG00000072849.10;AL:chr17:5474289:5474789-5480053:5477209:5477999-5480053:-	43.0	8.0	73.0	2.0	0.01472510442394336	0.9932570549321013
ENSG00000108861.8;AL:chr17:43766124:43769814-43774711:43771218:43774109-43774711:-	115.0	2.0	184.0	6.0	0.7148410697727504	1.0
ENSG00000185829.17;AL:chr17:46527093:46528859-46570758:46556297:46557630-46570758:-	14.0	25.0	13.0	17.0	0.6214144620416133	1.0
ENSG00000166260.11;AL:chr17:54951901:54952112-54961118:54956756:54959466-54961118:-	38.0	57.0	41.0	72.0	0.6672470452422798	1.0
ENSG00000114026.21;AL:chr3:9756816-9757060:9757407:9756816-9765808:9766664:+	24.0	25.0	29.0	29.0	1.0	1.0
ENSG00000114026.21;AL:chr3:9756816-9757043:9757407:9756816-9765808:9766664:+	4.0	25.0	8.0	29.0	0.5273177655932508	1.0
ENSG00000197548.12;AL:chr3:11426926-11477133:11477308:11426926-11554810:11555083:+	5.0	33.0	13.0	55.0	0.5912943316768822	1.0
ENSG00000197548.12;AL:chr3:11426926-11510184:11510415:11426926-11554810:11555083:+	0.0	33.0	1.0	55.0	1.0	1.0
ENSG00000168297.15;AL:chr3:58412963-58420538:58424283:58412963-58424751:58426025:+	7.0	62.0	7.0	84.0	0.5872754608403193	1.0
ENSG00000181458.10;AL:chr3:100568967-100570608:100570920:100568967-100576924:100577453:+	1.0	60.0	6.0	41.0	0.04139243271870785	0.9999988251145632
ENSG00000091527.15;AL:chr3:133586722-133587161:133587275:133586722-133587895:133590261:+	1.0	418.0	1.0	914.0	0.5296931429268444	1.0
ENSG00000091527.15;AL:chr3:133586722-133587161:133587275:133586722-133588352:133590261:+	1.0	201.0	1.0	447.0	0.5252909802068249	1.0
ENSG00000091527.15;AL:chr3:133586722-133587158:133587275:133586722-133587895:133590261:+	3.0	418.0	3.0	914.0	0.38606199103504324	1.0
ENSG00000091527.15;AL:chr3:133586722-133587158:133587275:133586722-133588352:133590261:+	3.0	201.0	3.0	447.0	0.382454530772977	1.0
ENSG00000091527.15;AL:chr3:133586722-133587158:133587333:133586722-133587895:133590261:+	2.0	418.0	13.0	914.0	0.16743051712272744	1.0
ENSG00000091527.15;AL:chr3:133586722-133587158:133587333:133586722-133588352:133590261:+	2.0	201.0	13.0	447.0	0.1678045690064517	1.0
ENSG00000182923.17;AL:chr3:134552012-134561376:134561772:134552012-134574792:134575008:+	15.0	8.0	9.0	11.0	0.22761558222425193	1.0
ENSG00000186001.13;AL:chr3:197875775-197880511:197881868:197875775-197883540:197884187:+	8.0	28.0	12.0	27.0	0.4438183900287265	1.0
ENSG00000186162.10;AL:chr3:10014237:10015526-10023559:10017489:10018071-10023559:-	3.0	22.0	7.0	26.0	0.4898301846137602	1.0
ENSG00000093183.13;AL:chr3:42547968:42548657-42555929:42550883:42553448-42555929:-	19.0	15.0	31.0	14.0	0.2498371301827359	1.0
ENSG00000093183.13;AL:chr3:42547968:42548657-42555929:42552901:42553448-42555929:-	19.0	2.0	31.0	1.0	0.555365832835313	1.0
ENSG00000114107.8;AL:chr3:138494343:138495076-138498030:138496910:138497327-138498030:-	30.0	4.0	46.0	5.0	1.0	1.0
ENSG00000114107.8;AL:chr3:138494343:138495076-138498030:138496942:138497327-138498030:-	30.0	2.0	46.0	4.0	1.0	1.0
ENSG00000184432.9;AL:chr3:139353946:139355767-139358199:139356886:139357958-139358199:-	16.0	52.0	21.0	84.0	0.5759485961506474	1.0
ENSG00000184432.9;AL:chr3:139353946:139355767-139358199:139357590:139357958-139358199:-	16.0	155.0	21.0	215.0	0.8634700086776146	1.0
ENSG00000163660.11;AL:chr3:157146162:157146607-157149286:157147738:157148589-157149286:-	2.0	20.0	14.0	25.0	0.03278671524453112	0.9999809342248677
ENSG00000163660.11;AL:chr3:157146162:157146607-157149286:157147795:157148589-157149286:-	2.0	40.0	14.0	39.0	0.005478080555583072	0.8472043650769747
ENSG00000072274.12;AL:chr3:196026623:196027260-196053417:196049283:196052184-196053417:-	14.0	28.0	17.0	50.0	0.39051155977654967	1.0
ENSG00000072274.12;AL:chr3:196026623:196027260-196053417:196049284:196052184-196053417:-	14.0	22.0	17.0	38.0	0.500216331102453	1.0
ENSG00000110696.9;AL:chr11:16752894-16754870:16755889:16752894-16756815:16758109:+	18.0	15.0	41.0	30.0	0.8328066664258538	1.0
ENSG00000070081.16;AL:chr11:17330983-17331411:17331536:17330983-17349344:17349980:+	44.0	48.0	55.0	62.0	1.0	1.0
ENSG00000070081.16;AL:chr11:17330983-17331411:17331559:17330983-17349344:17349980:+	36.0	48.0	46.0	62.0	1.0	1.0
ENSG00000070081.16;AL:chr11:17330983-17331411:17331749:17330983-17349344:17349980:+	16.0	48.0	22.0	62.0	1.0	1.0
ENSG00000070081.16;AL:chr11:17330983-17331411:17331876:17330983-17349344:17349980:+	10.0	48.0	39.0	62.0	0.007053476569360961	0.9105216199499809
ENSG00000070081.16;AL:chr11:17330983-17331411:17331509:17330983-17349344:17349980:+	5.0	48.0	8.0	62.0	0.7759135522663256	1.0
ENSG00000070081.16;AL:chr11:17330983-17331411:17331602:17330983-17349344:17349980:+	0.0	48.0	6.0	62.0	0.041023398902215014	0.9999987241623168
ENSG00000110435.11;AL:chr11:34992379-34994913:34996129:34992379-35020207:35020582:+	99.0	7.0	166.0	19.0	0.3936548821548115	1.0
ENSG00000026508.18;AL:chr11:35219387-35221653:35221689:35219387-35229128:35229469:+	25.0	26.0	59.0	54.0	0.7379516024702029	1.0
ENSG00000026508.18;AL:chr11:35221732-35222374:35223319:35221732-35229128:35229469:+	10.0	87.0	49.0	214.0	0.07654214433494265	0.9999999999891053
ENSG00000026508.18;AL:chr11:35221732-35222374:35223319:35221732-35229128:35229869:+	10.0	18.0	49.0	78.0	0.8327151379390614	1.0
ENSG00000026508.18;AL:chr11:35221732-35222374:35223319:35221732-35229128:35230028:+	10.0	144.0	49.0	444.0	0.26082133281186126	1.0
ENSG00000026508.18;AL:chr11:35221732-35222374:35223319:35221732-35229128:35230234:+	10.0	24.0	49.0	70.0	0.2369349481866102	1.0
ENSG00000026508.18;AL:chr11:35221732-35222374:35223319:35221732-35229128:35232401:+	10.0	138.0	49.0	335.0	0.06331237043178586	0.9999999991865496
ENSG00000110583.12;AL:chr11:63954049-63954337:63957327:63954049-63976224:63976543:+	72.0	21.0	120.0	45.0	0.45901582323752754	1.0
ENSG00000110583.12;AL:chr11:63954049-63954337:63955297:63954049-63976224:63976543:+	11.0	21.0	14.0	45.0	0.32868113962691203	1.0
ENSG00000173486.12;AL:chr11:64243497-64243967:64244126:64243497-64247952:64248213:+	16.0	4.0	25.0	8.0	1.0	1.0
ENSG00000173465.7;AL:chr11:65570970-65571390:65571827:65570970-65573362:65574189:+	98.0	26.0	165.0	29.0	0.17429815334551063	1.0
ENSG00000173465.7;AL:chr11:65570970-65571390:65571765:65570970-65573362:65574189:+	16.0	26.0	33.0	29.0	0.16231698261664934	1.0
ENSG00000173933.20;AL:chr11:66640123-66646026:66646460:66640123-66649735:66649922:+	52.0	7.0	126.0	8.0	0.24070206290522383	1.0
ENSG00000173933.20;AL:chr11:66640123-66646026:66646460:66640123-66665855:66668380:+	52.0	50.0	126.0	47.0	0.0003893385842660494	0.12605460385854694
ENSG00000173933.20;AL:chr11:66640123-66649735:66649922:66640123-66665855:66668380:+	7.0	50.0	8.0	47.0	0.7863794946979206	1.0
ENSG00000077514.8;AL:chr11:74636275-74640563:74642736:74636275-74668776:74669338:+	64.0	11.0	121.0	37.0	0.1649388935208944	1.0
ENSG00000149273.14;AL:chr11:75404868-75405613:75405667:75404868-75421726:75422297:+	79.0	6.0	107.0	23.0	0.026152651967508503	0.9998407819292447
ENSG00000149273.14;AL:chr11:75404868-75405613:75405693:75404868-75421726:75422297:+	278.0	6.0	597.0	23.0	0.22983036694629908	1.0
ENSG00000246067.7;AL:chr11:83072804-83073302:83073603:83072804-83092032:83092338:+	51.0	3.0	49.0	3.0	1.0	1.0
ENSG00000255663.1;AL:chr11:114405799-114407444:114408909:114405799-114431528:114432731:+	37.0	0.0	59.0	3.0	0.2906617192331506	1.0
ENSG00000168092.13;AL:chr11:117163892-117167420:117168104:117163892-117175905:117176328:+	24.0	2.0	31.0	4.0	1.0	1.0
ENSG00000205531.12;AL:chr11:2944436:2945646-2951779:2950671:2951315-2951779:-	33.0	2.0	46.0	2.0	1.0	1.0
ENSG00000149089.12;AL:chr11:34874027:34875283-34883336:34882290:34882816-34883336:-	50.0	158.0	61.0	198.0	0.9132994840382653	1.0
ENSG00000149187.18;AL:chr11:47465936:47468891-47472190:47469250:47472102-47472190:-	23.0	0.0	61.0	3.0	0.5625454030850497	1.0
ENSG00000149187.18;AL:chr11:47465936:47468891-47472190:47470278:47472102-47472190:-	23.0	10.0	61.0	12.0	0.12392613078025444	1.0
ENSG00000149187.18;AL:chr11:47465936:47468891-47472190:47470284:47470555-47472190:-	23.0	1.0	61.0	3.0	1.0	1.0
ENSG00000149187.18;AL:chr11:47465936:47468891-47472190:47470293:47472102-47472190:-	23.0	3.0	61.0	6.0	0.7061497840513979	1.0
ENSG00000149187.18;AL:chr11:47465936:47468891-47472190:47470293:47470555-47472190:-	23.0	2.0	61.0	4.0	0.668338663998305	1.0
ENSG00000149187.18;AL:chr11:47465936:47468891-47472190:47470324:47472102-47472190:-	23.0	4.0	61.0	2.0	0.06369453605675797	0.9999999992375683
ENSG00000172922.9;AL:chr11:65714332:65715317-65719680:65717675:65719156-65719680:-	32.0	24.0	35.0	27.0	1.0	1.0
ENSG00000172922.9;AL:chr11:65714332:65715317-65719680:65717675:65718822-65719680:-	32.0	5.0	35.0	8.0	0.7622802967790516	1.0
ENSG00000173914.11;AL:chr11:66664997:66665578-66676667:66666910:66669291-66676667:-	6.0	51.0	6.0	35.0	0.5500942959127934	1.0
ENSG00000110090.12;AL:chr11:68754619:68754851-68759568:68756331:68757730-68759568:-	11.0	11.0	15.0	22.0	0.5899790245475647	1.0
ENSG00000149357.9;AL:chr11:72085696:72086444-72098288:72097291:72097914-72098288:-	3.0	26.0	10.0	38.0	0.34899228247177405	1.0
ENSG00000196954.13;AL:chr11:104901552:104901656-104944747:104942865:104942973-104944747:-	2.0	90.0	7.0	205.0	0.7280919442551776	1.0
ENSG00000196954.13;AL:chr11:104901552:104901656-104944747:104942869:104942973-104944747:-	2.0	44.0	7.0	60.0	0.30628145694336495	1.0
ENSG00000219545.11;AL:chr7:7801743-7877280:7879223:7801743-7967698:7968024:+	31.0	10.0	56.0	12.0	0.4628166602490734	1.0
ENSG00000219545.11;AL:chr7:7801743-7868329:7868619:7801743-7877280:7879223:+	1.0	31.0	2.0	56.0	1.0	1.0
ENSG00000241127.7;AL:chr7:39570627-39572276:39572880:39570627-39609616:39612086:+	97.0	0.0	153.0	5.0	0.1599592152048984	1.0
ENSG00000198039.11;AL:chr7:64918292-64923385:64924430:64918292-64927653:64930959:+	16.0	20.0	34.0	27.0	0.3013128540685599	1.0
ENSG00000090266.12;AL:chr7:140704963-140706562:140706624:140704963-140721551:140722306:+	665.0	8.0	883.0	9.0	0.8076128658115822	1.0
ENSG00000122566.21;AL:chr7:26173534:26174782-26192494:26190124:26190460-26192494:-	1.0	32.0	5.0	57.0	0.6610982376599039	1.0
ENSG00000122566.21;AL:chr7:26173534:26174782-26192494:26191843:26192338-26192494:-	1.0	116.0	5.0	231.0	0.6679606514498131	1.0
ENSG00000122566.21;AL:chr7:26190124:26190460-26192494:26191843:26192338-26192494:-	32.0	116.0	57.0	231.0	0.7068725697583764	1.0
ENSG00000122566.21;AL:chr7:26190124:26190460-26192494:26191862:26192338-26192494:-	32.0	2.0	57.0	3.0	1.0	1.0
ENSG00000122566.21;AL:chr7:26190124:26191128-26192494:26191843:26192338-26192494:-	6.0	116.0	8.0	231.0	0.5656558191258192	1.0
ENSG00000122566.21;AL:chr7:26190303:26190460-26192494:26191843:26192338-26192494:-	1.0	116.0	3.0	231.0	1.0	1.0
ENSG00000196295.11;AL:chr7:30569685:30574881-30579230:30576532:30578091-30579230:-	13.0	14.0	9.0	18.0	0.4064191240628795	1.0
ENSG00000106608.16;AL:chr7:43875912:43879260-43881658:43881130:43881275-43881658:-	66.0	3.0	76.0	3.0	1.0	1.0
ENSG00000158604.14;AL:chr7:44578309:44579628-44581448:44579891:44581239-44581448:-	176.0	23.0	149.0	16.0	0.6126518958232723	1.0
ENSG00000158604.14;AL:chr7:44578309:44579628-44581448:44579896:44581239-44581448:-	176.0	13.0	149.0	18.0	0.25822847210301736	1.0
ENSG00000105968.18;AL:chr7:44826790:44830163-44835528:44834227:44834562-44835528:-	82.0	25.0	119.0	56.0	0.13657060552156663	1.0
ENSG00000173041.11;AL:chr7:64519877:64522500-64543706:64524578:64526517-64543706:-	26.0	7.0	32.0	5.0	0.5283022389075192	1.0
ENSG00000234545.7;AL:chr7:92560792:92562368-92569822:92565161:92566061-92569822:-	5.0	18.0	8.0	23.0	1.0	1.0
ENSG00000160908.14;AL:chr7:99486527:99486963-99498715:99493243:99494631-99498715:-	3.0	20.0	5.0	26.0	1.0	1.0
ENSG00000139218.17;AL:chr12:45919130:45919309-45922462:45920980:45922194-45922462:-	7.0	21.0	4.0	26.0	0.32484791334607227	1.0
ENSG00000134285.10;AL:chr12:48903370:48903908-48923781:48921962:48923604-48923781:-	7.0	19.0	4.0	27.0	0.31242846395884816	1.0
ENSG00000134285.10;AL:chr12:48903370:48903908-48923781:48921962:48922201-48923781:-	7.0	37.0	4.0	117.0	0.008687237147460268	0.9480690228186619
ENSG00000167552.13;AL:chr12:49128759:49128938-49186309:49184798:49185990-49186309:-	4.0	24.0	9.0	24.0	0.34735821420199153	1.0
ENSG00000166130.14;AL:chr12:98613403:98614340-98634295:98624248:98626766-98634295:-	46.0	49.0	80.0	86.0	1.0	1.0
ENSG00000166130.14;AL:chr12:98613403:98614340-98644522:98633513:98634413-98644522:-	29.0	3.0	56.0	4.0	0.6907832627035999	1.0
ENSG00000110906.12;AL:chr12:109445404:109445581-109456117:109448655:109451813-109456117:-	1.0	42.0	2.0	67.0	1.0	1.0
ENSG00000174456.13;AL:chr12:110027595:110028589-110048362:110041179:110042459-110048362:-	18.0	6.0	34.0	12.0	1.0	1.0
ENSG00000123395.14;AL:chr12:52073902-52076785:52077484:52073902-52107378:52108270:+	93.0	2.0	134.0	2.0	1.0	1.0
ENSG00000197111.15;AL:chr12:53471807-53474868:53475545:53471807-53479405:53479813:+	1.0	20.0	4.0	36.0	0.6512441195351226	1.0
ENSG00000197111.15;AL:chr12:53471807-53474868:53475545:53471807-53479405:53479829:+	1.0	132.0	4.0	273.0	1.0	1.0
ENSG00000197111.15;AL:chr12:53471807-53474868:53475545:53471807-53479405:53480803:+	1.0	38.0	4.0	62.0	0.6488407917237872	1.0
ENSG00000166598.14;AL:chr12:103947430-103947632:103947930:103947430-103953385:103953645:+	272.0	6.0	405.0	3.0	0.16898211703299887	1.0
ENSG00000166598.14;AL:chr12:103947430-103947632:103947896:103947430-103953385:103953645:+	20.0	6.0	42.0	3.0	0.06549646391537718	0.999999999558692
ENSG00000198040.10;AL:chr12:133048848-133056953:133059602:133048848-133063078:133063297:+	26.0	3.0	33.0	3.0	1.0	1.0
ENSG00000167460.15;AL:chr19:16093753-16095263:16095512:16093753-16101263:16103002:+	3.0	214.0	7.0	368.0	0.753004817332612	1.0
ENSG00000089335.20;AL:chr19:34683238-34683991:34684198:34683238-34684251:34686394:+	6.0	34.0	13.0	35.0	0.20105356719626646	1.0
ENSG00000167380.16;AL:chr19:44172952-44174983:44175429:44172952-44175497:44177681:+	6.0	14.0	12.0	15.0	0.3738595115775184	1.0
ENSG00000167380.16;AL:chr19:44172952-44174983:44175249:44172952-44175497:44177681:+	13.0	14.0	21.0	15.0	0.45443532429050126	1.0
ENSG00000160336.14;AL:chr19:53449638-53449878:53450325:53449638-53454649:53458258:+	9.0	15.0	4.0	19.0	0.1930194395889952	1.0
ENSG00000170906.15;AL:chr19:54106011-54106810:54106965:54106011-54108439:54108733:+	19.0	5.0	26.0	9.0	0.7617910352976922	1.0
ENSG00000108107.14;AL:chr19:55388048-55388242:55388373:55388048-55391553:55392085:+	5.0	39.0	17.0	69.0	0.3234482354663154	1.0
ENSG00000283515.1;AL:chr19:58246794-58260850:58263644:58246794-58277182:58277495:+	13.0	10.0	24.0	12.0	0.5817075029847838	1.0
ENSG00000079805.16;AL:chr19:10830378-10830980:10831903:10830378-10832303:10833488:+	10.0	22.0	11.0	15.0	0.42155522948817936	1.0
ENSG00000079805.16;AL:chr19:10830378-10830977:10831903:10830378-10832303:10833488:+	9.0	22.0	14.0	15.0	0.18438175840980014	1.0
ENSG00000174886.12;AL:chr19:5892939:5893290-5896452:5894674:5894854-5896452:-	4.0	30.0	9.0	66.0	1.0	1.0
ENSG00000161888.11;AL:chr19:11145496:11146279-11147817:11146795:11147289-11147817:-	11.0	12.0	33.0	27.0	0.6273252725880848	1.0
ENSG00000214046.8;AL:chr19:16630750:16631724-16647119:16646150:16646800-16647119:-	21.0	15.0	20.0	35.0	0.05287785906203639	0.9999999747228245
ENSG00000214046.8;AL:chr19:16646150:16647261-16654034:16652357:16652961-16654034:-	15.0	13.0	14.0	11.0	1.0	1.0
ENSG00000197372.9;AL:chr19:23651566:23654706-23662113:23657864:23658672-23662113:-	24.0	3.0	31.0	1.0	0.3232291717019006	1.0
ENSG00000206503.12;AL:chr6:29945281-29945450:29945877:29945281-30009534:30009571:+	441.0	2.0	555.0	9.0	0.12516480081904002	1.0
ENSG00000204344.14;AL:chr6:31980801-31981003:31981448:31980801-32013741:32014182:+	35.0	6.0	25.0	10.0	0.16551919022096984	1.0
ENSG00000137200.12;AL:chr6:37479255-37480012:37481505:37479255-37482491:37482938:+	49.0	4.0	53.0	1.0	0.20548433510051975	1.0
ENSG00000171453.18;AL:chr6:43521048-43521181:43521513:43521048-43529248:43529585:+	58.0	14.0	109.0	10.0	0.04075402847995248	0.9999986595679631
ENSG00000146416.18;AL:chr6:143333445-143334077:143335954:143333445-143339638:143340302:+	3.0	55.0	5.0	92.0	1.0	1.0
ENSG00000214113.10;AL:chr6:5108418:5109491-5216617:5186599:5186980-5216617:-	132.0	36.0	145.0	42.0	0.8979621711280884	1.0
ENSG00000124802.11;AL:chr6:8073359:8073510-8090185:8079396:8080030-8090185:-	4.0	18.0	9.0	35.0	1.0	1.0
ENSG00000124795.15;AL:chr6:18224183:18225730-18237380:18235900:18236600-18237380:-	23.0	3.0	17.0	13.0	0.01618649037532928	0.995843816293195
ENSG00000213719.8;AL:chr6:31730598:31731003-31733565:31731630:31732398-31733565:-	19.0	20.0	31.0	45.0	0.43399098768524663	1.0
ENSG00000013375.15;AL:chr6:83166589:83169323-83170304:83169521:83169841-83170304:-	42.0	10.0	64.0	20.0	0.6711049372466871	1.0
ENSG00000132424.15;AL:chr6:99399962:99400311-99402539:99401445:99401630-99402539:-	7.0	38.0	8.0	46.0	1.0	1.0
ENSG00000112237.12;AL:chr6:99542386:99543609-99545111:99543779:99544273-99545111:-	121.0	31.0	209.0	33.0	0.09206499576759072	0.9999999999999257
ENSG00000285441.1;AL:chr6:159679115:159679298-159684853:159682277:159682638-159684853:-	2.0	22.0	4.0	61.0	0.6588626258268342	1.0
ENSG00000165609.12;AL:chr10:12167575:12167811-12170716:12169676:12170156-12170716:-	31.0	2.0	55.0	5.0	1.0	1.0
ENSG00000152457.17;AL:chr10:14898216:14899312-14919737:14906101:14909330-14919737:-	6.0	22.0	20.0	16.0	0.009756518078587288	0.963625800768439
ENSG00000152457.17;AL:chr10:14898216:14899312-14919737:14906885:14909330-14919737:-	6.0	16.0	20.0	14.0	0.029019867514503694	0.9999342671575383
ENSG00000152465.17;AL:chr10:15105743:15106698-15109701:15107854:15109215-15109701:-	5.0	15.0	15.0	66.0	0.5373596514849901	1.0
ENSG00000107562.16;AL:chr10:44370146:44376032-44378636:44377070:44377905-44378636:-	118.0	18.0	54.0	12.0	0.40052319960432226	1.0
ENSG00000166228.8;AL:chr10:70882279:70882485-70885151:70883509:70884048-70885151:-	3.0	94.0	13.0	188.0	0.2819942968747187	1.0
ENSG00000223482.7;AL:chr10:87237715:87238849-87246114:87244131:87245855-87246114:-	11.0	14.0	17.0	16.0	0.6056682935174356	1.0
ENSG00000055950.16;AL:chr10:100977822:100979372-100983754:100981379:100981543-100983754:-	2.0	18.0	7.0	31.0	0.47608682794109125	1.0
ENSG00000188690.13;AL:chr10:125784979:125785260-125794879:125788587:125789005-125794879:-	3.0	64.0	5.0	61.0	0.4924880608167891	1.0
ENSG00000165752.16;AL:chr10:132323769:132324373-132331435:132330290:132330485-132331435:-	16.0	19.0	25.0	19.0	0.37020059059449806	1.0
ENSG00000138326.19;AL:chr10:78037304-78040200:78040225:78037304-78040614:78040697:+	4.0	17.0	22.0	57.0	0.5776456516711288	1.0
ENSG00000107949.16;AL:chr10:125833946-125836103:125836548:125833946-125841254:125842804:+	87.0	41.0	215.0	56.0	0.017306583483673435	0.9971156657304265
ENSG00000108010.11;AL:chr10:130175089-130179341:130179611:130175089-130180112:130180380:+	19.0	1.0	53.0	6.0	0.6718543782875357	1.0
ENSG00000108175.16;AL:chr10:79307571-79310923:79310996:79307571-79312641:79316519:+	6.0	36.0	3.0	58.0	0.15413589867350047	1.0
ENSG00000072864.14;AL:chr16:15696860-15699728:15700634:15696860-15724190:15726353:+	28.0	19.0	31.0	31.0	0.33906604352497915	1.0
ENSG00000103426.12;AL:chr16:4331345:4331774-4340919:4340250:4340405-4340919:-	2.0	43.0	8.0	76.0	0.4923508655512039	1.0
ENSG00000099385.11;AL:chr16:30850980:30852322-30888859:30887794:30887990-30888859:-	10.0	38.0	6.0	40.0	0.41309518936432277	1.0
ENSG00000167397.14;AL:chr16:31090856:31091342-31093311:31092481:31092864-31093311:-	20.0	5.0	34.0	7.0	0.75447595177024	1.0
ENSG00000129636.12;AL:chr16:47428616:47428898-47451395:47448611:47450453-47451395:-	5.0	17.0	6.0	33.0	0.504278821757578	1.0
ENSG00000164733.20;AL:chr8:11844069:11844241-11845660:11844312:11845222-11845660:-	10.0	77.0	6.0	106.0	0.12431620834098178	1.0
ENSG00000164733.20;AL:chr8:11844069:11844241-11845660:11844323:11845222-11845660:-	10.0	39.0	6.0	46.0	0.27995727644245777	1.0
ENSG00000147535.16;AL:chr8:38263128:38264604-38266140:38264738:38264949-38266140:-	21.0	20.0	32.0	29.0	1.0	1.0
ENSG00000147535.16;AL:chr8:38263129:38264604-38266140:38264738:38264949-38266140:-	58.0	20.0	75.0	29.0	0.8660550733120231	1.0
ENSG00000198363.17;AL:chr8:61618858:61619019-61633682:61624462:61626280-61633682:-	13.0	16.0	10.0	18.0	0.5919053437617707	1.0
ENSG00000198363.17;AL:chr8:61618858:61619019-61633682:61624523:61626280-61633682:-	13.0	44.0	10.0	47.0	0.6413485286267346	1.0
ENSG00000198363.17;AL:chr8:61618858:61619019-61633682:61624536:61626280-61633682:-	13.0	93.0	10.0	107.0	0.38624739584218204	1.0
ENSG00000198363.17;AL:chr8:61618863:61619019-61633682:61624462:61626280-61633682:-	10.0	16.0	11.0	18.0	1.0	1.0
ENSG00000198363.17;AL:chr8:61618863:61619019-61633682:61624523:61626280-61633682:-	10.0	44.0	11.0	47.0	1.0	1.0
ENSG00000198363.17;AL:chr8:61618863:61619019-61633682:61624536:61626280-61633682:-	10.0	93.0	11.0	107.0	1.0	1.0
ENSG00000176623.11;AL:chr8:86472348:86472479-86474819:86474096:86474358-86474819:-	13.0	10.0	17.0	22.0	0.43143473623750966	1.0
ENSG00000164919.10;AL:chr8:99878148:99878265-99887489:99885720:99886382-99887489:-	47.0	4.0	96.0	11.0	0.7755201521496113	1.0
ENSG00000172172.7;AL:chr8:120380748:120381174-120413990:120395843:120396125-120413990:-	6.0	80.0	14.0	168.0	1.0	1.0
ENSG00000259305.6;AL:chr8:123219986:123220297-123226499:123226192:123226418-123226499:-	44.0	20.0	70.0	17.0	0.1257510670802783	1.0
ENSG00000165156.14;AL:chr8:123248742:123250320-123267272:123252431:123256171-123267272:-	5.0	17.0	4.0	25.0	0.4740107389039162	1.0
ENSG00000196922.10;AL:chr8:144973593:144978553-144999602:144996466:144996607-144999602:-	135.0	1.0	146.0	2.0	1.0	1.0
ENSG00000104679.10;AL:chr8:23294864-23295458:23295617:23294864-23295966:23297437:+	5.0	65.0	5.0	81.0	0.7539755857287298	1.0
ENSG00000104738.17;AL:chr8:47975848-47976685:47976926:47975848-47977736:47978160:+	9.0	12.0	41.0	37.0	0.46953514814742514	1.0
ENSG00000104738.17;AL:chr8:47975848-47976685:47976990:47975848-47977736:47978160:+	16.0	12.0	27.0	37.0	0.2563857478217152	1.0
ENSG00000160932.10;AL:chr8:143021433-143021548:143022410:143021433-143023668:143023832:+	23.0	5.0	45.0	8.0	0.7582807311317443	1.0
ENSG00000160932.10;AL:chr8:143021433-143021565:143022410:143021433-143023668:143023832:+	67.0	5.0	106.0	8.0	1.0	1.0
ENSG00000125841.12;AL:chr20:349832-353209:354864:349832-359258:359706:+	44.0	0.0	80.0	4.0	0.29787664041994893	1.0
ENSG00000125818.17;AL:chr20:1164476-1165028:1165476:1164476-1166226:1168373:+	13.0	50.0	20.0	75.0	1.0	1.0
ENSG00000171984.14;AL:chr20:5773043-5773131:5773443:5773043-5863023:5863908:+	21.0	18.0	12.0	20.0	0.23255976651401947	1.0
ENSG00000101413.11;AL:chr20:38066256-38070224:38071945:38066256-38089725:38092361:+	3.0	30.0	7.0	51.0	0.7422937711714801	1.0
ENSG00000088832.16;AL:chr20:1368977:1370072-1375490:1371721:1372240-1375490:-	563.0	19.0	707.0	36.0	0.16682618818376505	1.0
ENSG00000124201.14;AL:chr20:49237997:49239300-49251526:49245899:49249711-49251526:-	0.0	63.0	3.0	55.0	0.10714632960622236	0.9999999999999992
ENSG00000244687.11;AL:chr20:50081364:50084254-50113106:50095414:50096820-50113106:-	25.0	11.0	15.0	7.0	1.0	1.0
ENSG00000198467.14;AL:chr9:35682011:35682163-35684245:35682931:35683241-35684245:-	50.0	11.0	69.0	16.0	1.0	1.0
ENSG00000153714.5;AL:chr9:12776027-12777199:12777578:12776027-12821385:12823057:+	5.0	57.0	15.0	63.0	0.08766333107818036	0.9999999999997173
ENSG00000066697.14;AL:chr9:100442356-100444127:100445542:100442356-100450556:100451725:+	5.0	94.0	7.0	169.0	0.76108795146296	1.0
ENSG00000140262.17;AL:chr15:57282598-57286156:57288518:57282598-57290828:57291315:+	24.0	1.0	44.0	3.0	1.0	1.0
ENSG00000140416.20;AL:chr15:63062645-63065895:63066093:63062645-63071089:63071915:+	18.0	147.0	66.0	277.0	0.02126554030797828	0.9992043172112518
ENSG00000140416.20;AL:chr15:63062645-63064063:63064324:63062645-63071089:63071915:+	1.0	147.0	0.0	277.0	0.3482352941178834	1.0
ENSG00000140416.20;AL:chr15:63062645-63064063:63065636:63062645-63071089:63071915:+	27.0	147.0	19.0	277.0	0.002018940889970627	0.501034190823877
ENSG00000140416.20;AL:chr15:63062645-63064063:63065636:63062645-63065895:63066093:+	27.0	18.0	19.0	66.0	3.74590949696111e-05	0.012914433127201197
ENSG00000140464.19;AL:chr15:74034530-74035171:74036394:74034530-74042988:74043338:+	21.0	6.0	34.0	11.0	1.0	1.0
ENSG00000182718.16;AL:chr15:60347331:60347689-60351192:60347893:60349197-60351192:-	17.0	3.0	28.0	3.0	0.6680439058139405	1.0
ENSG00000067225.17;AL:chr15:72199028:72199756-72207126:72205108:72206880-72207126:-	6.0	28.0	12.0	33.0	0.4223989800424093	1.0
ENSG00000067225.17;AL:chr15:72199028:72199756-72207126:72205624:72206880-72207126:-	6.0	54.0	12.0	114.0	1.0	1.0
ENSG00000138668.18;AL:chr4:82353828:82354154-82355303:82354838:82355001-82355303:-	53.0	0.0	77.0	3.0	0.2754613807245404	1.0
ENSG00000145349.16;AL:chr4:113452415:113454515-113460146:113455385:113457563-113460146:-	59.0	0.0	122.0	3.0	0.5523231223516398	1.0
ENSG00000145391.13;AL:chr4:139495933:139496521-139517884:139506037:139511843-139517884:-	1.0	19.0	3.0	46.0	1.0	1.0
ENSG00000145439.11;AL:chr4:168894636:168894765-169002070:168987589:168990328-169002070:-	3.0	69.0	2.0	39.0	1.0	1.0
ENSG00000125954.12;AL:chr14:64926080-64932137:64935351:64926080-64943298:64943922:+	58.0	7.0	125.0	9.0	0.40498325797790335	1.0
ENSG00000125954.12;AL:chr14:64926080-64932137:64932311:64926080-64943298:64943922:+	67.0	7.0	119.0	9.0	0.5930525625829229	1.0
ENSG00000125954.12;AL:chr14:64924126-64932137:64932311:64924126-64943298:64944009:+	18.0	4.0	35.0	10.0	1.0	1.0
ENSG00000078304.19;AL:chr14:101909690-101912400:101912630:101909690-101925140:101927975:+	72.0	2.0	170.0	12.0	0.36235316434396625	1.0
ENSG00000133961.20;AL:chr14:73272187:73272908-73282358:73275215:73277293-73282358:-	2.0	54.0	4.0	46.0	0.41776218611915095	1.0
ENSG00000100865.14;AL:chr14:102341098:102344389-102349918:102347150:102348759-102349918:-	12.0	32.0	14.0	49.0	0.6481646971610762	1.0
ENSG00000102081.14;AL:chrX:147945616-147948412:147948531:147945616-147948682:147951066:+	1.0	56.0	3.0	108.0	1.0	1.0
ENSG00000102081.14;AL:chrX:147945616-147948412:147948531:147945616-147948682:147951109:+	1.0	109.0	3.0	185.0	1.0	1.0
ENSG00000230590.9;AL:chrX:74067461:74069584-74274341:74201487:74203909-74274341:-	4.0	29.0	8.0	19.0	0.11390074350646474	0.9999999999999999
ENSG00000230590.9;AL:chrX:74067461:74069584-74274341:74244593:74247424-74274341:-	4.0	25.0	8.0	27.0	0.522076362931003	1.0
ENSG00000230590.9;AL:chrX:74067461:74069584-74274341:74244901:74247923-74274341:-	4.0	19.0	8.0	21.0	0.5131756036914717	1.0
ENSG00000230590.9;AL:chrX:74201487:74203909-74274341:74244593:74247424-74274341:-	29.0	25.0	19.0	27.0	0.23474148405324308	1.0
ENSG00000230590.9;AL:chrX:74201487:74203909-74274341:74244901:74247923-74274341:-	29.0	19.0	19.0	21.0	0.283814792183125	1.0
ENSG00000230590.9;AL:chrX:74201487:74203909-74274341:74246302:74247424-74274341:-	29.0	18.0	19.0	14.0	0.8175828469090085	1.0
ENSG00000126953.6;AL:chrX:101345660:101346660-101348532:101347272:101348401-101348532:-	66.0	2.0	154.0	8.0	0.7272686118672519	1.0
ENSG00000068366.19;AL:chrX:109629314:109629579-109659353:109641334:109644186-109659353:-	1.0	67.0	2.0	60.0	0.6052213774597501	1.0
ENSG00000125354.22;AL:chrX:119615723:119616742-119629317:119619320:119620051-119629317:-	15.0	18.0	7.0	18.0	0.27441324997541505	1.0
ENSG00000125354.22;AL:chrX:119616944:119618786-119629317:119619320:119620051-119629317:-	4.0	18.0	3.0	18.0	1.0	1.0
ENSG00000125676.19;AL:chrX:123600568:123601338-123610917:123601874:123603748-123610917:-	19.0	90.0	35.0	185.0	0.7529286395352074	1.0
ENSG00000147274.14;AL:chrX:136847806:136848582-136872267:136869186:136870417-136872267:-	9.0	40.0	16.0	66.0	1.0	1.0
ENSG00000147274.14;AL:chrX:136847806:136848582-136872267:136869191:136870417-136872267:-	9.0	244.0	16.0	378.0	0.8363287790597896	1.0
ENSG00000093010.13;AL:chr22:19964299-19967163:19967693:19964299-19968535:19969029:+	7.0	15.0	10.0	50.0	0.21669182680432908	1.0
ENSG00000242259.8;AL:chr22:19440885:19441694-19447377:19443151:19444390-19447377:-	61.0	36.0	68.0	28.0	0.28508174556784527	1.0
ENSG00000100418.7;AL:chr22:41600874:41601190-41603258:41601511:41602783-41603258:-	32.0	3.0	88.0	5.0	0.6827759518955474	1.0
ENSG00000136146.14;AL:chr13:48053322:48053491-48079843:48075961:48077311-48079843:-	7.0	120.0	3.0	145.0	0.19513770776963085	1.0
ENSG00000186184.17;AL:chr13:27648453-27650041:27650797:27648453-27665685:27667411:+	1.0	87.0	1.0	87.0	1.0	1.0
ENSG00000133119.12;AL:chr13:33835217-33836103:33837507:33835217-33966086:33966558:+	123.0	24.0	259.0	50.0	1.0	1.0
ENSG00000141425.17;AL:chr18:35989827:35993300-36026899:36025596:36025678-36026899:-	28.0	5.0	34.0	10.0	0.5628216291663182	1.0
ENSG00000134779.14;AL:chr18:36786572:36787079-36798448:36793729:36797050-36798448:-	37.0	14.0	64.0	31.0	0.5760679536967677	1.0
ENSG00000134779.14;AL:chr18:36786572:36787079-36798448:36796070:36797050-36798448:-	37.0	18.0	64.0	50.0	0.18381004482795132	1.0
ENSG00000197563.10;AL:chr18:62044229:62045979-62072672:62051605:62052957-62072672:-	20.0	2.0	26.0	2.0	1.0	1.0
ENSG00000176014.12;AL:chr18:12311053-12325066:12326559:12311053-12329145:12331478:+	32.0	16.0	82.0	13.0	0.008148921899629409	0.938084454311153
ENSG00000176014.12;AL:chr18:12311053-12325066:12326559:12311053-12344048:12344320:+	32.0	1.0	82.0	1.0	0.48980509745127676	1.0
ENSG00000176014.12;AL:chr18:12311053-12324808:12326559:12311053-12329145:12331478:+	4.0	16.0	7.0	13.0	0.48011535108309267	1.0
ENSG00000249624.9;AL:chr21:33260727-33262560:33262757:33260727-33262792:33265676:+	31.0	51.0	36.0	58.0	1.0	1.0
ENSG00000142173.14;AL:chr21:46126541-46129195:46129801:46126541-46131953:46132846:+	6.0	70.0	12.0	95.0	0.6157942575250611	1.0
ENSG00000142173.14;AL:chr21:46126541-46128902:46129801:46126541-46131953:46132846:+	5.0	70.0	1.0	95.0	0.08764766435349496	0.9999999999997173
ENSG00000160310.17;AL:chr21:46649739-46652844:46654279:46649739-46664294:46664951:+	29.0	16.0	33.0	20.0	0.8369463131725193	1.0
ENSG00000160310.17;AL:chr21:46649739-46652844:46654279:46649739-46658744:46660142:+	29.0	59.0	33.0	70.0	1.0	1.0
ENSG00000160310.17;AL:chr21:46649739-46652844:46654279:46649739-46658744:46660126:+	29.0	10.0	33.0	14.0	0.8099745097136746	1.0
ENSG00000160310.17;AL:chr21:46649739-46658744:46660142:46649739-46664294:46664951:+	59.0	16.0	70.0	20.0	1.0	1.0
ENSG00000160310.17;AL:chr21:46658920-46660832:46661278:46658920-46664294:46664951:+	38.0	7.0	38.0	15.0	0.1517919915354111	1.0
ENSG00000160310.17;AL:chr21:46649739-46658744:46660126:46649739-46664294:46664951:+	10.0	16.0	14.0	20.0	1.0	1.0
ENSG00000275496.4;AL:chr21:6229749:6230951-6234982:6231975:6232833-6234982:-	58.0	27.0	117.0	56.0	1.0	1.0
